5,http://GLI.TC/H/olia/summer/,GLI.TC
12,http://shorttermmemoryloss.com/olia/summer/,shorttermmemoryloss.com
15,http://benfinoradin.info/olia/summer/,benfinoradin.info
17,http://www.faithholland.com/olia/summer/,www.faithholland.com
17,http://fernandoalfonso.com/olia/summer/,fernandoalfonso.com
5,http://GLI.TC/H/olia/summer/,GLI.TC
12,http://shorttermmemoryloss.com/olia/summer/,shorttermmemoryloss.com
14,http://benfinoradin.info/olia/summer/,benfinoradin.info
16,http://www.faithholland.com/olia/summer/,www.faithholland.com
16,http://fernandoalfonso.com/olia/summer/,fernandoalfonso.com
