frame,link
1,http://1x-upon.com/~despens/olia/summer/
2,http://www.newrafael.com/olia/summer/
2,http://www.entropy8.com/olia/summer/
3,http://saskia-aldinger.com/olia/summer/
3,http://www.nikoprincen.com/olia/summer/
4,http://www.sebastianschmieg.com/olia/summer/
5,http://GLI.TC/H/olia/summer/
5,http://www.constantdullaart.com/olia/summer/
6,http://jonaslund.biz/olia/summer/
7,http://thxalot.org/olia/summer/
7,http://bukk.it/olia/summer
8,http://www.raquelmeyers.com/olia/summer/
9,http://www.anthonyantonellis.com/olia/summer/
10,http://www.emiliegervais.com/olia/summer/
10,http://kevinbewersdorf.org/olia/summer/
11,http://kimasendorf.com/olia/summer/
12,http://shorttermmemoryloss.com/olia/summer/
12,http://jamesbridle.com/olia/summer/
13,http://todayandtomorrow.net/olia/summer/
13,http://www.bram.org/olia/summer
14,http://benfinoradin.info/olia/summer/
14,http://www.jaka.org/olia/summer/
15,http://www.leegte.org/olia/summer/
16,http://www.faithholland.com/olia/summer/
16,http://fernandoalfonso.com/olia/summer/
17,http://www.evan-roth.com/olia/summer/
18,http://k0a1a.net/olia/summer/
18,http://reas.com/olia/summer/
